,State,Fips,CountyName,Region,Year,EstimatedValue
0,Georgia,13001,Appling,Southeast,`0012 2019,38801.98756923655
1,Georgia,13001,Appling,Southeast,`0013 2018,41139.39618121152
2,Georgia,13001,Appling,Southeast,`0014 2017,58006.2996452063
3,Georgia,13001,Appling,Southeast,`0015 2016,39989.99301126009
4,Georgia,13001,Appling,Southeast,`0016 2015,45834.35128760674
5,Georgia,13003,Atkinson,Southeast,`0012 2019,18171.182903726138
6,Georgia,13003,Atkinson,Southeast,`0013 2018,29213.90347470721
7,Georgia,13003,Atkinson,Southeast,`0014 2017,32225.031446578978
8,Georgia,13003,Atkinson,Southeast,`0015 2016,36409.92348841094
9,Georgia,13003,Atkinson,Southeast,`0016 2015,38509.22510806986
10,Georgia,13005,Bacon,Southeast,`0012 2019,28345.27447792307
11,Georgia,13005,Bacon,Southeast,`0013 2018,15526.481874496703
12,Georgia,13005,Bacon,Southeast,`0014 2017,19725.78631394877
13,Georgia,13005,Bacon,Southeast,`0015 2016,14702.520871522589
14,Georgia,13005,Bacon,Southeast,`0016 2015,29659.919590906222
15,Georgia,13007,Baker,Southwest,`0012 2019,18533.927499369143
16,Georgia,13007,Baker,Southwest,`0013 2018,24380.46130999187
17,Georgia,13007,Baker,Southwest,`0014 2017,38642.629896950515
18,Georgia,13007,Baker,Southwest,`0015 2016,18437.589900148676
19,Georgia,13007,Baker,Southwest,`0016 2015,28807.095790615473
20,Georgia,13009,Baldwin,Central,`0012 2019,22350.09749219916
21,Georgia,13009,Baldwin,Central,`0013 2018,28028.050927094468
22,Georgia,13009,Baldwin,Central,`0014 2017,26381.194178702826
23,Georgia,13009,Baldwin,Central,`0015 2016,18926.61095331927
24,Georgia,13009,Baldwin,Central,`0016 2015,21884.96895207114
25,Georgia,13011,Banks,North Central,`0012 2019,11683.875409726972
26,Georgia,13011,Banks,North Central,`0013 2018,10224.662496560277
27,Georgia,13011,Banks,North Central,`0014 2017,13895.530177751723
28,Georgia,13011,Banks,North Central,`0015 2016,19419.489724807354
29,Georgia,13011,Banks,North Central,`0016 2015,27897.025355183017
30,Georgia,13013,Barrow,North Central,`0012 2019,5326.532750851905
31,Georgia,13013,Barrow,North Central,`0013 2018,10276.990761953222
32,Georgia,13013,Barrow,North Central,`0014 2017,11628.255929630519
33,Georgia,13013,Barrow,North Central,`0015 2016,2831.6816253507486
34,Georgia,13013,Barrow,North Central,`0016 2015,15075.50532506298
35,Georgia,13015,Bartow,North,`0012 2019,23380.37056677091
36,Georgia,13015,Bartow,North,`0013 2018,28410.832005910543
37,Georgia,13015,Bartow,North,`0014 2017,36208.90121417254
38,Georgia,13015,Bartow,North,`0015 2016,28454.713152880926
39,Georgia,13015,Bartow,North,`0016 2015,40052.42956613121
40,Georgia,13017,Ben Hill,Southwest,`0012 2019,18312.966151035598
41,Georgia,13017,Ben Hill,Southwest,`0013 2018,24711.9033324922
42,Georgia,13017,Ben Hill,Southwest,`0014 2017,18423.446825202373
43,Georgia,13017,Ben Hill,Southwest,`0015 2016,7711.674673818481
44,Georgia,13017,Ben Hill,Southwest,`0016 2015,21147.851576678942
45,Georgia,13019,Berrien,Southwest,`0012 2019,23557.510116227
46,Georgia,13019,Berrien,Southwest,`0013 2018,32284.127150293985
47,Georgia,13019,Berrien,Southwest,`0014 2017,30064.373418225718
48,Georgia,13019,Berrien,Southwest,`0015 2016,36625.932302071196
49,Georgia,13019,Berrien,Southwest,`0016 2015,26202.488916391405
50,Georgia,13021,Bibb,Central,`0012 2019,11672.129340897622
51,Georgia,13021,Bibb,Central,`0013 2018,12915.695887404645
52,Georgia,13021,Bibb,Central,`0014 2017,11655.462908070955
53,Georgia,13021,Bibb,Central,`0015 2016,10181.312997914076
54,Georgia,13021,Bibb,Central,`0016 2015,23685.523611070963
55,Georgia,13023,Bleckley,Central,`0012 2019,11910.44631353951
56,Georgia,13023,Bleckley,Central,`0014 2017,23820.892627079033
57,Georgia,13023,Bleckley,Central,`0015 2016,26744.527622683778
58,Georgia,13023,Bleckley,Central,`0016 2015,17746.438034091814
59,Georgia,13025,Brantley,Southeast,`0012 2019,55760.833088392996
60,Georgia,13025,Brantley,Southeast,`0013 2018,59035.273322891335
61,Georgia,13025,Brantley,Southeast,`0014 2017,51659.74803434745
62,Georgia,13025,Brantley,Southeast,`0015 2016,50180.043935967784
63,Georgia,13025,Brantley,Southeast,`0016 2015,42565.80783821456
64,Georgia,13027,Brooks,Southwest,`0012 2019,30197.44268136703
65,Georgia,13027,Brooks,Southwest,`0013 2018,40027.40284471066
66,Georgia,13027,Brooks,Southwest,`0014 2017,25707.325250333066
67,Georgia,13027,Brooks,Southwest,`0015 2016,26216.63199133771
68,Georgia,13027,Brooks,Southwest,`0016 2015,50775.0858013266
69,Georgia,13029,Bryan,Southeast,`0012 2019,32757.843513600696
70,Georgia,13029,Bryan,Southeast,`0013 2018,39401.062210351105
71,Georgia,13029,Bryan,Southeast,`0014 2017,46322.69726670863
72,Georgia,13029,Bryan,Southeast,`0015 2016,38424.60337090792
73,Georgia,13029,Bryan,Southeast,`0016 2015,40365.49431008823
74,Georgia,13031,Bulloch,Southeast,`0012 2019,49538.136297719015
75,Georgia,13031,Bulloch,Southeast,`0013 2018,67922.29733352315
76,Georgia,13031,Bulloch,Southeast,`0014 2017,72497.63587925797
77,Georgia,13031,Bulloch,Southeast,`0015 2016,31285.94501115459
78,Georgia,13031,Bulloch,Southeast,`0016 2015,68196.3715309353
79,Georgia,13033,Burke,Central,`0012 2019,62373.90305341826
80,Georgia,13033,Burke,Central,`0013 2018,67936.02850814706
81,Georgia,13033,Burke,Central,`0014 2017,57207.44931180671
82,Georgia,13033,Burke,Central,`0015 2016,77233.55183258328
83,Georgia,13033,Burke,Central,`0016 2015,53263.181645026016
84,Georgia,13035,Butts,Central,`0012 2019,12553.722881008938
85,Georgia,13035,Butts,Central,`0013 2018,17984.900906526724
86,Georgia,13035,Butts,Central,`0014 2017,11892.41830108069
87,Georgia,13035,Butts,Central,`0015 2016,17507.97516165691
88,Georgia,13035,Butts,Central,`0016 2015,17409.784600958617
89,Georgia,13037,Calhoun,Central,`0012 2019,8251.229710662432
90,Georgia,13037,Calhoun,Central,`0013 2018,24059.35549951394
91,Georgia,13037,Calhoun,Central,`0014 2017,14911.617585115471
92,Georgia,13037,Calhoun,Central,`0015 2016,19265.051682338617
93,Georgia,13037,Calhoun,Central,`0016 2015,17746.43803409181
94,Georgia,13039,Camden,Southeast,`0012 2019,57456.49871214741
95,Georgia,13039,Camden,Southeast,`0013 2018,25049.713990176315
96,Georgia,13039,Camden,Southeast,`0014 2017,62152.86362955511
97,Georgia,13039,Camden,Southeast,`0015 2016,68742.78096371138
98,Georgia,13039,Camden,Southeast,`0016 2015,55082.5564601669
99,Georgia,13043,Candler,Southeast,`0012 2019,27147.622653469727
100,Georgia,13043,Candler,Southeast,`0013 2018,11723.702143775869
101,Georgia,13043,Candler,Southeast,`0014 2017,10797.348597302363
102,Georgia,13043,Candler,Southeast,`0015 2016,13213.00288293097
103,Georgia,13043,Candler,Southeast,`0016 2015,22596.829713239815
104,Georgia,13045,Carroll,North Central,`0012 2019,30984.359414999948
105,Georgia,13045,Carroll,North Central,`0013 2018,29013.218166842576
106,Georgia,13045,Carroll,North Central,`0014 2017,37428.655643746475
107,Georgia,13045,Carroll,North Central,`0015 2016,31487.122506226166
108,Georgia,13045,Carroll,North Central,`0016 2015,34956.01993463199
109,Georgia,13047,Catoosa,North,`0012 2019,9089.060919191601
110,Georgia,13047,Catoosa,North,`0013 2018,15822.109164332964
111,Georgia,13047,Catoosa,North,`0014 2017,6524.0994163822725
112,Georgia,13047,Catoosa,North,`0016 2015,12643.502359285661
113,Georgia,13049,Charlton,Southeast,`0012 2019,58286.12514424222
114,Georgia,13049,Charlton,Southeast,`0013 2018,106852.1424335784
115,Georgia,13049,Charlton,Southeast,`0014 2017,94312.28904718744
116,Georgia,13049,Charlton,Southeast,`0015 2016,68534.0453199767
117,Georgia,13049,Charlton,Southeast,`0016 2015,88761.51561081558
118,Georgia,13051,Chatham,Southeast,`0012 2019,16303.108390290929
119,Georgia,13051,Chatham,Southeast,`0013 2018,19697.070784378546
120,Georgia,13051,Chatham,Southeast,`0014 2017,18126.921216595292
121,Georgia,13051,Chatham,Southeast,`0015 2016,18248.33316430534
122,Georgia,13051,Chatham,Southeast,`0016 2015,21052.1206890593
123,Georgia,13053,Chattahoochee,Central,`0012 2019,36136.15263565307
124,Georgia,13053,Chattahoochee,Central,`0013 2018,23010.702945142635
125,Georgia,13053,Chattahoochee,Central,`0014 2017,30133.81009250115
126,Georgia,13053,Chattahoochee,Central,`0015 2016,27749.04237250943
127,Georgia,13053,Chattahoochee,Central,`0016 2015,17746.438034091814
128,Georgia,13055,Chattooga,North,`0012 2019,24663.899274781452
129,Georgia,13055,Chattooga,North,`0013 2018,26333.37993743268
130,Georgia,13055,Chattooga,North,`0014 2017,44726.67591058666
131,Georgia,13055,Chattooga,North,`0015 2016,35479.69914061184
132,Georgia,13055,Chattooga,North,`0016 2015,36934.0816076837
133,Georgia,13057,Cherokee,North,`0012 2019,30042.693314765165
134,Georgia,13057,Cherokee,North,`0013 2018,28184.217767833754
135,Georgia,13057,Cherokee,North,`0014 2017,27902.1319848863
136,Georgia,13057,Cherokee,North,`0015 2016,25967.358399242203
137,Georgia,13057,Cherokee,North,`0016 2015,21724.05858499943
138,Georgia,13059,Clarke,North Central,`0012 2019,6996.38549553177
139,Georgia,13059,Clarke,North Central,`0014 2017,6123.689802566427
140,Georgia,13059,Clarke,North Central,`0015 2016,6123.689802566427
141,Georgia,13059,Clarke,North Central,`0016 2015,5841.937704863486
142,Georgia,13061,Clay,Central,`0012 2019,16871.10095331444
143,Georgia,13061,Clay,Central,`0013 2018,17507.97516165691
144,Georgia,13061,Clay,Central,`0014 2017,17109.563825749345
145,Georgia,13061,Clay,Central,`0015 2016,13130.981371242682
146,Georgia,13061,Clay,Central,`0016 2015,10630.295537727616
147,Georgia,13063,Clayton,North Central,`0013 2018,5663.363250701497
148,Georgia,13063,Clayton,North Central,`0014 2017,5070.188873958956
149,Georgia,13063,Clayton,North Central,`0015 2016,5841.937704863486
150,Georgia,13065,Clinch,Southeast,`0012 2019,99857.30920401588
151,Georgia,13065,Clinch,Southeast,`0013 2018,111965.93266281646
152,Georgia,13065,Clinch,Southeast,`0014 2017,119682.91441394122
153,Georgia,13065,Clinch,Southeast,`0015 2016,102890.96866525635
154,Georgia,13065,Clinch,Southeast,`0016 2015,100384.35907840809
155,Georgia,13067,Cobb,North Central,`0012 2019,5841.937704863486
156,Georgia,13067,Cobb,North Central,`0014 2017,8833.344581720963
157,Georgia,13067,Cobb,North Central,`0016 2015,5056.636854469227
158,Georgia,13069,Coffee,Southeast,`0012 2019,10234.401404620767
159,Georgia,13069,Coffee,Southeast,`0013 2018,45517.756515367706
160,Georgia,13069,Coffee,Southeast,`0014 2017,54924.34150987554
161,Georgia,13069,Coffee,Southeast,`0015 2016,36269.07494559029
162,Georgia,13069,Coffee,Southeast,`0016 2015,52071.09538632532
163,Georgia,13071,Colquitt,Southwest,`0012 2019,38225.66659743535
164,Georgia,13071,Colquitt,Southwest,`0013 2018,28372.49683578329
165,Georgia,13071,Colquitt,Southwest,`0014 2017,18312.966151035595
166,Georgia,13071,Colquitt,Southwest,`0015 2016,28062.643695731327
167,Georgia,13071,Colquitt,Southwest,`0016 2015,35694.60244716046
168,Georgia,13073,Columbia,Central,`0012 2019,22302.278978832226
169,Georgia,13073,Columbia,Central,`0013 2018,19514.471798166134
170,Georgia,13073,Columbia,Central,`0014 2017,16907.002786867215
171,Georgia,13073,Columbia,Central,`0015 2016,29740.25623692009
172,Georgia,13073,Columbia,Central,`0016 2015,11887.211524721335
173,Georgia,13075,Cook,Southwest,`0012 2019,22825.315137919948
174,Georgia,13075,Cook,Southwest,`0013 2018,19878.61590123256
175,Georgia,13075,Cook,Southwest,`0014 2017,4675.9110996812
176,Georgia,13075,Cook,Southwest,`0015 2016,13645.898089036602
177,Georgia,13075,Cook,Southwest,`0016 2015,16921.38209176052
178,Georgia,13077,Coweta,North Central,`0012 2019,28704.196347528956
179,Georgia,13077,Coweta,North Central,`0013 2018,34864.92304773733
180,Georgia,13077,Coweta,North Central,`0014 2017,41605.33271540177
181,Georgia,13077,Coweta,North Central,`0015 2016,35006.98261564044
182,Georgia,13077,Coweta,North Central,`0016 2015,27491.849714297183
183,Georgia,13079,Crawford,Central,`0012 2019,45257.39188304602
184,Georgia,13079,Crawford,Central,`0013 2018,34585.1708451944
185,Georgia,13079,Crawford,Central,`0014 2017,29656.88434763134
186,Georgia,13079,Crawford,Central,`0015 2016,28483.583464087318
187,Georgia,13079,Crawford,Central,`0016 2015,35492.87606818364
188,Georgia,13081,Crisp,Southwest,`0012 2019,24490.94198415865
189,Georgia,13081,Crisp,Southwest,`0013 2018,14442.20761437944
190,Georgia,13081,Crisp,Southwest,`0014 2017,12355.951666246096
191,Georgia,13081,Crisp,Southwest,`0015 2016,8164.462612428859
192,Georgia,13081,Crisp,Southwest,`0016 2015,21435.75221197194
193,Georgia,13083,Dade,North,`0012 2019,973.3266340206627
194,Georgia,13083,Dade,North,`0013 2018,23149.632112328512
195,Georgia,13083,Dade,North,`0014 2017,29773.4708335671
196,Georgia,13083,Dade,North,`0015 2016,12206.265817564377
197,Georgia,13083,Dade,North,`0016 2015,11364.332802364212
198,Georgia,13085,Dawson,North,`0012 2019,23372.341767617047
199,Georgia,13085,Dawson,North,`0013 2018,12836.683159706768
200,Georgia,13085,Dawson,North,`0014 2017,17046.49920354632
201,Georgia,13085,Dawson,North,`0015 2016,21247.994083376645
202,Georgia,13085,Dawson,North,`0016 2015,28522.46458439878
203,Georgia,13087,Decatur,Southwest,`0012 2019,37898.38247231498
204,Georgia,13087,Decatur,Southwest,`0013 2018,43901.41111892085
205,Georgia,13087,Decatur,Southwest,`0014 2017,53038.743570016195
206,Georgia,13087,Decatur,Southwest,`0015 2016,33910.81563284892
207,Georgia,13087,Decatur,Southwest,`0016 2015,34739.70641316519
208,Georgia,13089,DeKalb,North Central,`0012 2019,18192.526025718584
209,Georgia,13089,DeKalb,North Central,`0013 2018,4592.76735192482
210,Georgia,13089,DeKalb,North Central,`0014 2017,10770.342401128944
211,Georgia,13089,DeKalb,North Central,`0015 2016,7257.77851753886
212,Georgia,13089,DeKalb,North Central,`0016 2015,2556.68323434192
213,Georgia,13091,Dodge,Southeast,`0012 2019,54106.08969328431
214,Georgia,13091,Dodge,Southeast,`0013 2018,53963.10110102829
215,Georgia,13091,Dodge,Southeast,`0014 2017,44023.98211089159
216,Georgia,13091,Dodge,Southeast,`0015 2016,54098.08572934932
217,Georgia,13091,Dodge,Southeast,`0016 2015,35154.60998721151
218,Georgia,13093,Dooly,Southwest,`0012 2019,27608.216050612784
219,Georgia,13093,Dooly,Southwest,`0013 2018,18481.887484945895
220,Georgia,13093,Dooly,Southwest,`0014 2017,12355.951666246096
221,Georgia,13093,Dooly,Southwest,`0015 2016,11224.008182069032
222,Georgia,13093,Dooly,Southwest,`0016 2015,19834.34353016605
223,Georgia,13095,Dougherty,Central,`0012 2019,26083.98626655389
224,Georgia,13095,Dougherty,Central,`0013 2018,42055.35621020135
225,Georgia,13095,Dougherty,Central,`0014 2017,19026.588809903715
226,Georgia,13095,Dougherty,Central,`0015 2016,31161.32731203017
227,Georgia,13095,Dougherty,Central,`0016 2015,17746.438034091814
228,Georgia,13097,Douglas,North Central,`0012 2019,17548.97411868893
229,Georgia,13097,Douglas,North Central,`0013 2018,24520.49978255958
230,Georgia,13097,Douglas,North Central,`0014 2017,11965.627507429912
231,Georgia,13097,Douglas,North Central,`0015 2016,11186.288365715223
232,Georgia,13097,Douglas,North Central,`0016 2015,16172.083085650309
233,Georgia,13099,Early,Southwest,`0012 2019,19163.212810893543
234,Georgia,13099,Early,Southwest,`0013 2018,30725.490117066918
235,Georgia,13099,Early,Southwest,`0014 2017,44473.0258425881
236,Georgia,13099,Early,Southwest,`0015 2016,42119.23846933745
237,Georgia,13099,Early,Southwest,`0016 2015,47244.048830244676
238,Georgia,13101,Echols,Southeast,`0012 2019,46562.94654688268
239,Georgia,13101,Echols,Southeast,`0013 2018,41354.36822249507
240,Georgia,13101,Echols,Southeast,`0014 2017,52916.620108993004
241,Georgia,13101,Echols,Southeast,`0015 2016,56545.1323693058
242,Georgia,13101,Echols,Southeast,`0016 2015,46894.95273758316
243,Georgia,13103,Effingham,Southeast,`0012 2019,56775.8222473365
244,Georgia,13103,Effingham,Southeast,`0013 2018,47054.89395710473
245,Georgia,13103,Effingham,Southeast,`0014 2017,38989.762270513944
246,Georgia,13103,Effingham,Southeast,`0015 2016,45250.28048298317
247,Georgia,13103,Effingham,Southeast,`0016 2015,43454.75489252765
248,Georgia,13105,Elbert,North Central,`0012 2019,26525.82815604814
249,Georgia,13105,Elbert,North Central,`0013 2018,28374.527482030506
250,Georgia,13105,Elbert,North Central,`0014 2017,33738.96306004651
251,Georgia,13105,Elbert,North Central,`0015 2016,13290.793980705286
252,Georgia,13105,Elbert,North Central,`0016 2015,35006.98261564044
253,Georgia,13107,Emanuel,Southeast,`0012 2019,47722.232230232396
254,Georgia,13107,Emanuel,Southeast,`0013 2018,70824.36317085232
255,Georgia,13107,Emanuel,Southeast,`0014 2017,72309.03084680033
256,Georgia,13107,Emanuel,Southeast,`0015 2016,74412.17344774713
257,Georgia,13107,Emanuel,Southeast,`0016 2015,55654.77099712408
258,Georgia,13109,Evans,Southeast,`0012 2019,16972.132564589454
259,Georgia,13109,Evans,Southeast,`0013 2018,27016.99058142874
260,Georgia,13109,Evans,Southeast,`0014 2017,17299.49756146638
261,Georgia,13109,Evans,Southeast,`0015 2016,9685.445152168197
262,Georgia,13109,Evans,Southeast,`0016 2015,18126.921216595292
263,Georgia,13111,Fannin,North,`0012 2019,49561.85514031046
264,Georgia,13111,Fannin,North,`0013 2018,39395.844981433955
265,Georgia,13111,Fannin,North,`0014 2017,23748.719543525152
266,Georgia,13111,Fannin,North,`0015 2016,41247.99817116061
267,Georgia,13111,Fannin,North,`0016 2015,25320.51067125724
268,Georgia,13113,Fayette,North Central,`0012 2019,5754.497362815285
269,Georgia,13113,Fayette,North Central,`0013 2018,1530.9224506416067
270,Georgia,13113,Fayette,North Central,`0014 2017,6779.365906935851
271,Georgia,13113,Fayette,North Central,`0015 2016,4983.172862248553
272,Georgia,13113,Fayette,North Central,`0016 2015,16065.328688374586
273,Georgia,13115,Floyd,North,`0012 2019,34455.224586859855
274,Georgia,13115,Floyd,North,`0013 2018,39115.16043317433
275,Georgia,13115,Floyd,North,`0014 2017,37512.16174766851
276,Georgia,13115,Floyd,North,`0015 2016,38354.62320797923
277,Georgia,13115,Floyd,North,`0016 2015,38354.623207979224
278,Georgia,13117,Forsyth,North Central,`0012 2019,11639.231796186474
279,Georgia,13117,Forsyth,North Central,`0013 2018,10813.13459481707
280,Georgia,13117,Forsyth,North Central,`0014 2017,4362.604075992355
281,Georgia,13117,Forsyth,North Central,`0015 2016,17897.672836149526
282,Georgia,13117,Forsyth,North Central,`0016 2015,14518.675681011979
283,Georgia,13119,Franklin,North Central,`0012 2019,19895.081130521434
284,Georgia,13119,Franklin,North Central,`0013 2018,10505.14308121404
285,Georgia,13119,Franklin,North Central,`0014 2017,13143.890455757817
286,Georgia,13119,Franklin,North Central,`0015 2016,17155.481486193403
287,Georgia,13119,Franklin,North Central,`0016 2015,13327.67057530288
288,Georgia,13121,Fulton,North Central,`0012 2019,20587.658015873672
289,Georgia,13121,Fulton,North Central,`0013 2018,37285.366818236806
290,Georgia,13121,Fulton,North Central,`0014 2017,13853.518989713437
291,Georgia,13121,Fulton,North Central,`0015 2016,26468.497708064908
292,Georgia,13121,Fulton,North Central,`0016 2015,16065.328688374586
293,Georgia,13123,Gilmer,North,`0012 2019,44792.47411494234
294,Georgia,13123,Gilmer,North,`0013 2018,55700.03383316402
295,Georgia,13123,Gilmer,North,`0014 2017,57165.120758896875
296,Georgia,13123,Gilmer,North,`0015 2016,41117.680127938664
297,Georgia,13123,Gilmer,North,`0016 2015,31965.595916140115
298,Georgia,13125,Glascock,Central,`0012 2019,10212.985510966531
299,Georgia,13125,Glascock,Central,`0013 2018,14189.204970436751
300,Georgia,13125,Glascock,Central,`0014 2017,20783.665330585416
301,Georgia,13125,Glascock,Central,`0015 2016,16016.149778090727
302,Georgia,13125,Glascock,Central,`0016 2015,16857.41485962017
303,Georgia,13127,Glynn,Southeast,`0012 2019,23256.700518086796
304,Georgia,13127,Glynn,Southeast,`0013 2018,25960.043905442966
305,Georgia,13127,Glynn,Southeast,`0014 2017,29551.974742495422
306,Georgia,13127,Glynn,Southeast,`0015 2016,25123.463656437405
307,Georgia,13127,Glynn,Southeast,`0016 2015,33538.777865073804
308,Georgia,13129,Gordon,North,`0012 2019,23207.378655638066
309,Georgia,13129,Gordon,North,`0013 2018,7084.77032555185
310,Georgia,13129,Gordon,North,`0014 2017,32399.99391245271
311,Georgia,13129,Gordon,North,`0015 2016,32913.82281385384
312,Georgia,13129,Gordon,North,`0016 2015,15622.826150970288
313,Georgia,13131,Grady,Southwest,`0012 2019,31788.47234472529
314,Georgia,13131,Grady,Southwest,`0013 2018,35469.45266607598
315,Georgia,13131,Grady,Southwest,`0014 2017,31869.01375297991
316,Georgia,13131,Grady,Southwest,`0015 2016,32876.22029383621
317,Georgia,13131,Grady,Southwest,`0016 2015,24380.46130999187
318,Georgia,13133,Greene,Central,`0012 2019,39791.076279421584
319,Georgia,13133,Greene,Central,`0013 2018,50680.23815780015
320,Georgia,13133,Greene,Central,`0014 2017,41223.65631013465
321,Georgia,13133,Greene,Central,`0015 2016,25296.49443346131
322,Georgia,13133,Greene,Central,`0016 2015,30611.99256281685
323,Georgia,13135,Gwinnett,North Central,`0012 2019,14904.797670566997
324,Georgia,13135,Gwinnett,North Central,`0013 2018,18789.716337037673
325,Georgia,13135,Gwinnett,North Central,`0014 2017,16703.310848645608
326,Georgia,13135,Gwinnett,North Central,`0015 2016,14987.009280927523
327,Georgia,13135,Gwinnett,North Central,`0016 2015,2831.6816253507486
328,Georgia,13137,Habersham,North,`0012 2019,22040.95423579228
329,Georgia,13137,Habersham,North,`0013 2018,33814.39345656758
330,Georgia,13137,Habersham,North,`0014 2017,17084.72850134143
331,Georgia,13137,Habersham,North,`0015 2016,20252.69195785702
332,Georgia,13137,Habersham,North,`0016 2015,12854.878949409636
333,Georgia,13139,Hall,North Central,`0012 2019,29209.68852431744
334,Georgia,13139,Hall,North Central,`0013 2018,15272.305856348257
335,Georgia,13139,Hall,North Central,`0014 2017,25900.787312833025
336,Georgia,13139,Hall,North Central,`0015 2016,14973.996220047571
337,Georgia,13139,Hall,North Central,`0016 2015,10267.060315877789
338,Georgia,13141,Hancock,Central,`0012 2019,71007.37036429717
339,Georgia,13141,Hancock,Central,`0013 2018,44091.576187876984
340,Georgia,13141,Hancock,Central,`0014 2017,59075.30582282774
341,Georgia,13141,Hancock,Central,`0015 2016,55725.2149486321
342,Georgia,13141,Hancock,Central,`0016 2015,44055.5618192883
343,Georgia,13143,Haralson,North Central,`0012 2019,22673.08103916224
344,Georgia,13143,Haralson,North Central,`0013 2018,28794.717814733387
345,Georgia,13143,Haralson,North Central,`0014 2017,24873.37060020877
346,Georgia,13143,Haralson,North Central,`0015 2016,14758.948610870588
347,Georgia,13143,Haralson,North Central,`0016 2015,20635.472656145568
348,Georgia,13145,Harris,Central,`0012 2019,39909.116902918584
349,Georgia,13145,Harris,Central,`0013 2018,40794.39686834419
350,Georgia,13145,Harris,Central,`0014 2017,52523.925484970714
351,Georgia,13145,Harris,Central,`0015 2016,48905.18257625114
352,Georgia,13145,Harris,Central,`0016 2015,52208.68956036295
353,Georgia,13147,Hart,North Central,`0012 2019,7372.860155505092
354,Georgia,13147,Hart,North Central,`0013 2018,2831.6816253507486
355,Georgia,13147,Hart,North Central,`0014 2017,14301.793743718921
356,Georgia,13147,Hart,North Central,`0015 2016,9422.589349420707
357,Georgia,13147,Hart,North Central,`0016 2015,22743.393727246665
358,Georgia,13149,Heard,North Central,`0012 2019,26513.71765858749
359,Georgia,13149,Heard,North Central,`0013 2018,15534.820612103264
360,Georgia,13149,Heard,North Central,`0014 2017,18451.7209902306
361,Georgia,13149,Heard,North Central,`0015 2016,6675.208052115991
362,Georgia,13149,Heard,North Central,`0016 2015,35474.07400315332
363,Georgia,13151,Henry,North Central,`0012 2019,13834.584775772464
364,Georgia,13151,Henry,North Central,`0013 2018,17525.81311459046
365,Georgia,13151,Henry,North Central,`0014 2017,11982.106329560253
366,Georgia,13151,Henry,North Central,`0015 2016,20157.898147516706
367,Georgia,13151,Henry,North Central,`0016 2015,21656.717536463373
368,Georgia,13153,Houston,Central,`0012 2019,23672.65148142997
369,Georgia,13153,Houston,Central,`0013 2018,11671.983441104607
370,Georgia,13153,Houston,Central,`0014 2017,23343.966882209217
371,Georgia,13153,Houston,Central,`0015 2016,41203.97756591612
372,Georgia,13153,Houston,Central,`0016 2015,23326.208233131736
373,Georgia,13155,Irwin,Southwest,`0012 2019,37448.01250356579
374,Georgia,13155,Irwin,Southwest,`0013 2018,16921.38209176052
375,Georgia,13155,Irwin,Southwest,`0014 2017,24500.30985441136
376,Georgia,13155,Irwin,Southwest,`0015 2016,4361.525460073774
377,Georgia,13155,Irwin,Southwest,`0016 2015,24024.90299184985
378,Georgia,13157,Jackson,North Central,`0012 2019,11965.627507429912
379,Georgia,13157,Jackson,North Central,`0013 2018,19560.99816252228
380,Georgia,13157,Jackson,North Central,`0014 2017,33170.23019132965
381,Georgia,13157,Jackson,North Central,`0015 2016,15790.238518729358
382,Georgia,13157,Jackson,North Central,`0016 2015,27025.30301576516
383,Georgia,13159,Jasper,Central,`0012 2019,38118.11454371703
384,Georgia,13159,Jasper,Central,`0013 2018,40216.78186472929
385,Georgia,13159,Jasper,Central,`0014 2017,27859.23593841648
386,Georgia,13159,Jasper,Central,`0015 2016,32199.640281949825
387,Georgia,13159,Jasper,Central,`0016 2015,44394.22996738226
388,Georgia,13161,Jeff Davis,Southeast,`0012 2019,28832.495935777315
389,Georgia,13161,Jeff Davis,Southeast,`0013 2018,35655.93982933281
390,Georgia,13161,Jeff Davis,Southeast,`0014 2017,29045.718449246262
391,Georgia,13161,Jeff Davis,Southeast,`0015 2016,30377.127795336404
392,Georgia,13161,Jeff Davis,Southeast,`0016 2015,10766.236682955867
393,Georgia,13163,Jefferson,Central,`0012 2019,45667.901641057826
394,Georgia,13163,Jefferson,Central,`0013 2018,46047.85507404608
395,Georgia,13163,Jefferson,Central,`0014 2017,43954.09597352913
396,Georgia,13163,Jefferson,Central,`0015 2016,48511.51947855769
397,Georgia,13163,Jefferson,Central,`0016 2015,40851.942043866125
398,Georgia,13165,Jenkins,Southeast,`0012 2019,44585.23127109181
399,Georgia,13165,Jenkins,Southeast,`0013 2018,29657.501324406327
400,Georgia,13165,Jenkins,Southeast,`0014 2017,30040.01859471654
401,Georgia,13165,Jenkins,Southeast,`0015 2016,11532.99837431092
402,Georgia,13165,Jenkins,Southeast,`0016 2015,34505.911446367856
403,Georgia,13167,Johnson,Southeast,`0012 2019,25337.52239894297
404,Georgia,13167,Johnson,Southeast,`0013 2018,31313.879623452394
405,Georgia,13167,Johnson,Southeast,`0014 2017,29404.607244172163
406,Georgia,13167,Johnson,Southeast,`0015 2016,41099.055875761005
407,Georgia,13167,Johnson,Southeast,`0016 2015,26819.068577101487
408,Georgia,13169,Jones,Central,`0012 2019,37877.84451761801
409,Georgia,13169,Jones,Central,`0013 2018,42821.46815098267
410,Georgia,13169,Jones,Central,`0014 2017,44325.94182285931
411,Georgia,13169,Jones,Central,`0015 2016,36670.96801271509
412,Georgia,13169,Jones,Central,`0016 2015,37857.70572634121
413,Georgia,13171,Lamar,Central,`0012 2019,10810.202551456783
414,Georgia,13171,Lamar,Central,`0013 2018,19078.483837777567
415,Georgia,13171,Lamar,Central,`0014 2017,18793.933765667058
416,Georgia,13171,Lamar,Central,`0015 2016,28696.15488912774
417,Georgia,13171,Lamar,Central,`0016 2015,17746.438034091814
418,Georgia,13173,Lanier,Southwest,`0012 2019,19662.573311376524
419,Georgia,13173,Lanier,Southwest,`0013 2018,6192.784889420268
420,Georgia,13173,Lanier,Southwest,`0014 2017,13427.366786770232
421,Georgia,13173,Lanier,Southwest,`0015 2016,24657.99495811064
422,Georgia,13173,Lanier,Southwest,`0016 2015,30734.299267866678
423,Georgia,13175,Laurens,Southeast,`0012 2019,65021.83682793331
424,Georgia,13175,Laurens,Southeast,`0013 2018,83077.29138441313
425,Georgia,13175,Laurens,Southeast,`0014 2017,68076.85762263338
426,Georgia,13175,Laurens,Southeast,`0015 2016,62043.12831338855
427,Georgia,13175,Laurens,Southeast,`0016 2015,74505.00404819255
428,Georgia,13177,Lee,Central,`0012 2019,30157.7708797202
429,Georgia,13177,Lee,Central,`0013 2018,22738.617209633692
430,Georgia,13177,Lee,Central,`0014 2017,32237.696314113466
431,Georgia,13177,Lee,Central,`0015 2016,30300.160915100765
432,Georgia,13177,Lee,Central,`0016 2015,23516.81053477948
433,Georgia,13179,Liberty,Southeast,`0012 2019,44721.39873160134
434,Georgia,13179,Liberty,Southeast,`0013 2018,38226.82423274812
435,Georgia,13179,Liberty,Southeast,`0014 2017,51093.587773274245
436,Georgia,13179,Liberty,Southeast,`0015 2016,42509.156874500906
437,Georgia,13179,Liberty,Southeast,`0016 2015,47846.96095103816
438,Georgia,13181,Lincoln,Central,`0012 2019,21884.96895207114
439,Georgia,13181,Lincoln,Central,`0013 2018,24963.78395421465
440,Georgia,13181,Lincoln,Central,`0014 2017,29823.235170230953
441,Georgia,13181,Lincoln,Central,`0015 2016,17580.362049007872
442,Georgia,13181,Lincoln,Central,`0016 2015,19617.651573300005
443,Georgia,13183,Long,Southeast,`0012 2019,45769.50004510307
444,Georgia,13183,Long,Southeast,`0013 2018,46096.46054901479
445,Georgia,13183,Long,Southeast,`0014 2017,45436.189811542696
446,Georgia,13183,Long,Southeast,`0015 2016,56969.32961908549
447,Georgia,13183,Long,Southeast,`0016 2015,40535.347108324066
448,Georgia,13185,Lowndes,Southwest,`0012 2019,46760.356297714134
449,Georgia,13185,Lowndes,Southwest,`0013 2018,17614.0429709976
450,Georgia,13185,Lowndes,Southwest,`0014 2017,59673.022271786125
451,Georgia,13185,Lowndes,Southwest,`0015 2016,46183.24081211903
452,Georgia,13185,Lowndes,Southwest,`0016 2015,26050.351900450885
453,Georgia,13187,Lumpkin,North,`0012 2019,29099.035705393504
454,Georgia,13187,Lumpkin,North,`0013 2018,30166.197026209276
455,Georgia,13187,Lumpkin,North,`0014 2017,25499.234179168947
456,Georgia,13187,Lumpkin,North,`0015 2016,32566.479956028397
457,Georgia,13187,Lumpkin,North,`0016 2015,19754.393129619086
458,Georgia,13189,McDuffie,Central,`0012 2019,35492.87606818364
459,Georgia,13189,McDuffie,Central,`0013 2018,10042.095942101472
460,Georgia,13189,McDuffie,Central,`0014 2017,23526.72869846625
461,Georgia,13189,McDuffie,Central,`0015 2016,16541.370527288702
462,Georgia,13189,McDuffie,Central,`0016 2015,26261.96274248537
463,Georgia,13191,McIntosh,Southeast,`0012 2019,39190.70284063122
464,Georgia,13191,McIntosh,Southeast,`0013 2018,42464.08391997723
465,Georgia,13191,McIntosh,Southeast,`0014 2017,32552.007950754476
466,Georgia,13191,McIntosh,Southeast,`0015 2016,29659.919590906222
467,Georgia,13191,McIntosh,Southeast,`0016 2015,18290.547605628206
468,Georgia,13193,Macon,Central,`0012 2019,11982.833200890474
469,Georgia,13193,Macon,Central,`0013 2018,29656.88434763134
470,Georgia,13193,Macon,Central,`0014 2017,46926.39663685332
471,Georgia,13193,Macon,Central,`0015 2016,42242.21507028473
472,Georgia,13193,Macon,Central,`0016 2015,11671.983441104607
473,Georgia,13195,Madison,North Central,`0012 2019,7007.4289665369415
474,Georgia,13195,Madison,North Central,`0013 2018,13286.279413571738
475,Georgia,13195,Madison,North Central,`0014 2017,29491.440622020382
476,Georgia,13195,Madison,North Central,`0015 2016,17525.81311459046
477,Georgia,13195,Madison,North Central,`0016 2015,15238.10589062842
478,Georgia,13197,Marion,Central,`0012 2019,41955.39267500863
479,Georgia,13197,Marion,Central,`0013 2018,38505.2364799472
480,Georgia,13197,Marion,Central,`0014 2017,22558.907282483793
481,Georgia,13197,Marion,Central,`0015 2016,22749.47365960422
482,Georgia,13197,Marion,Central,`0016 2015,46426.781877187124
483,Georgia,13199,Meriwether,North Central,`0012 2019,66110.27216392315
484,Georgia,13199,Meriwether,North Central,`0013 2018,39644.39358110576
485,Georgia,13199,Meriwether,North Central,`0014 2017,53390.61103922417
486,Georgia,13199,Meriwether,North Central,`0015 2016,58712.032703846984
487,Georgia,13199,Meriwether,North Central,`0016 2015,41388.09336405451
488,Georgia,13201,Miller,Southwest,`0012 2019,14944.685312761176
489,Georgia,13201,Miller,Southwest,`0013 2018,6067.495158956273
490,Georgia,13201,Miller,Southwest,`0014 2017,18533.927499369143
491,Georgia,13201,Miller,Southwest,`0015 2016,26765.988490714626
492,Georgia,13201,Miller,Southwest,`0016 2015,7878.6047000771005
493,Georgia,13205,Mitchell,Southwest,`0012 2019,29528.077040018943
494,Georgia,13205,Mitchell,Southwest,`0013 2018,24657.99495811064
495,Georgia,13205,Mitchell,Southwest,`0014 2017,37985.7553991688
496,Georgia,13205,Mitchell,Southwest,`0015 2016,20247.57312816605
497,Georgia,13205,Mitchell,Southwest,`0016 2015,15068.979864299623
498,Georgia,13207,Monroe,Central,`0012 2019,38461.61388914132
499,Georgia,13207,Monroe,Central,`0013 2018,39048.78873153623
500,Georgia,13207,Monroe,Central,`0014 2017,37175.82924725303
501,Georgia,13207,Monroe,Central,`0015 2016,38526.32555934036
502,Georgia,13207,Monroe,Central,`0016 2015,27448.48258569837
503,Georgia,13209,Montgomery,Southeast,`0012 2019,23065.99674862185
504,Georgia,13209,Montgomery,Southeast,`0013 2018,22305.962976866245
505,Georgia,13209,Montgomery,Southeast,`0014 2017,29659.919590906222
506,Georgia,13209,Montgomery,Southeast,`0015 2016,35250.538255607724
507,Georgia,13209,Montgomery,Southeast,`0016 2015,27484.85823077454
508,Georgia,13211,Morgan,Central,`0012 2019,25483.933015471302
509,Georgia,13211,Morgan,Central,`0013 2018,30776.74962371401
510,Georgia,13211,Morgan,Central,`0014 2017,35897.68976321816
511,Georgia,13211,Morgan,Central,`0015 2016,35275.203406252476
512,Georgia,13211,Morgan,Central,`0016 2015,32320.340295631246
513,Georgia,13213,Murray,North,`0012 2019,29084.872948745142
514,Georgia,13213,Murray,North,`0013 2018,18084.613395261327
515,Georgia,13213,Murray,North,`0014 2017,43226.08330497813
516,Georgia,13213,Murray,North,`0015 2016,31097.111466695438
517,Georgia,13213,Murray,North,`0016 2015,9619.777366984381
518,Georgia,13215,Muscogee,Central,`0012 2019,9642.517320282544
519,Georgia,13215,Muscogee,Central,`0013 2018,5711.505931056222
520,Georgia,13215,Muscogee,Central,`0014 2017,12369.933924048964
521,Georgia,13215,Muscogee,Central,`0015 2016,17529.57183119425
522,Georgia,13215,Muscogee,Central,`0016 2015,22581.64484378362
523,Georgia,13217,Newton,North Central,`0012 2019,22704.64193242152
524,Georgia,13217,Newton,North Central,`0013 2018,15575.127671342747
525,Georgia,13217,Newton,North Central,`0014 2017,16744.32005518901
526,Georgia,13217,Newton,North Central,`0015 2016,5841.937704863486
527,Georgia,13217,Newton,North Central,`0016 2015,11683.875409726972
528,Georgia,13219,Oconee,North Central,`0012 2019,11574.629913536046
529,Georgia,13219,Oconee,North Central,`0013 2018,13187.00027479383
530,Georgia,13219,Oconee,North Central,`0014 2017,7257.77851753886
531,Georgia,13219,Oconee,North Central,`0015 2016,11683.875409726972
532,Georgia,13219,Oconee,North Central,`0016 2015,16153.556596620205
533,Georgia,13221,Oglethorpe,North Central,`0012 2019,54456.74302682845
534,Georgia,13221,Oglethorpe,North Central,`0013 2018,45778.44619440864
535,Georgia,13221,Oglethorpe,North Central,`0014 2017,40687.38632422696
536,Georgia,13221,Oglethorpe,North Central,`0015 2016,48157.01404470584
537,Georgia,13221,Oglethorpe,North Central,`0016 2015,42269.650739367455
538,Georgia,13223,Paulding,North Central,`0012 2019,14094.553461858373
539,Georgia,13223,Paulding,North Central,`0013 2018,9762.117746999062
540,Georgia,13223,Paulding,North Central,`0014 2017,30673.824161598855
541,Georgia,13223,Paulding,North Central,`0015 2016,13440.691760331607
542,Georgia,13223,Paulding,North Central,`0016 2015,33641.791752355755
543,Georgia,13225,Peach,Central,`0013 2018,7354.605368799107
544,Georgia,13225,Peach,Central,`0014 2017,17169.06112502838
545,Georgia,13225,Peach,Central,`0015 2016,5298.788682675465
546,Georgia,13225,Peach,Central,`0016 2015,5835.991720552304
547,Georgia,13227,Pickens,North,`0012 2019,18677.524057641887
548,Georgia,13227,Pickens,North,`0013 2018,21080.45488661402
549,Georgia,13227,Pickens,North,`0014 2017,25686.52716314678
550,Georgia,13227,Pickens,North,`0015 2016,22728.66560472843
551,Georgia,13227,Pickens,North,`0016 2015,19454.029340254092
552,Georgia,13229,Pierce,Southeast,`0012 2019,19505.914925237943
553,Georgia,13229,Pierce,Southeast,`0013 2018,32878.992577883975
554,Georgia,13229,Pierce,Southeast,`0014 2017,11723.702143775869
555,Georgia,13229,Pierce,Southeast,`0015 2016,23780.627666308417
556,Georgia,13229,Pierce,Southeast,`0016 2015,18468.610007927884
557,Georgia,13231,Pike,Central,`0012 2019,17507.97516165691
558,Georgia,13231,Pike,Central,`0013 2018,19227.533467074445
559,Georgia,13231,Pike,Central,`0014 2017,25565.472816034173
560,Georgia,13231,Pike,Central,`0015 2016,17507.97516165691
561,Georgia,13231,Pike,Central,`0016 2015,15577.943807492831
562,Georgia,13233,Polk,North Central,`0012 2019,32275.2076394822
563,Georgia,13233,Polk,North Central,`0013 2018,20300.063595116226
564,Georgia,13233,Polk,North Central,`0014 2017,30974.682488029855
565,Georgia,13233,Polk,North Central,`0015 2016,14336.982580915732
566,Georgia,13233,Polk,North Central,`0016 2015,29301.45314589576
567,Georgia,13235,Pulaski,Central,`0012 2019,14947.673610033115
568,Georgia,13235,Pulaski,Central,`0013 2018,25272.728960506058
569,Georgia,13235,Pulaski,Central,`0014 2017,9010.037932825024
570,Georgia,13235,Pulaski,Central,`0015 2016,13789.55329257271
571,Georgia,13235,Pulaski,Central,`0016 2015,18539.237202239707
572,Georgia,13237,Putnam,Central,`0012 2019,19756.158177713205
573,Georgia,13237,Putnam,Central,`0013 2018,28540.954238898867
574,Georgia,13237,Putnam,Central,`0014 2017,40826.98262188937
575,Georgia,13237,Putnam,Central,`0015 2016,29360.7046204342
576,Georgia,13237,Putnam,Central,`0016 2015,22286.922104240755
577,Georgia,13239,Quitman,Central,`0012 2019,19127.79223366234
578,Georgia,13239,Quitman,Central,`0013 2018,18224.14349736658
579,Georgia,13239,Quitman,Central,`0014 2017,24499.591589553962
580,Georgia,13239,Quitman,Central,`0015 2016,11671.983441104607
581,Georgia,13239,Quitman,Central,`0016 2015,17507.97516165691
582,Georgia,13241,Rabun,North,`0012 2019,51570.05327362113
583,Georgia,13241,Rabun,North,`0013 2018,40869.42310635362
584,Georgia,13241,Rabun,North,`0014 2017,41666.061859520756
585,Georgia,13241,Rabun,North,`0015 2016,44506.366652151766
586,Georgia,13241,Rabun,North,`0016 2015,13800.196879015495
587,Georgia,13243,Randolph,Central,`0012 2019,45113.65869937865
588,Georgia,13243,Randolph,Central,`0013 2018,24584.53582872011
589,Georgia,13243,Randolph,Central,`0014 2017,47808.136076757655
590,Georgia,13243,Randolph,Central,`0015 2016,25009.412968972116
591,Georgia,13243,Randolph,Central,`0016 2015,41328.86778873594
592,Georgia,13245,Richmond,Central,`0012 2019,32580.08494946414
593,Georgia,13245,Richmond,Central,`0013 2018,25212.698380863836
594,Georgia,13245,Richmond,Central,`0014 2017,17507.97516165691
595,Georgia,13245,Richmond,Central,`0015 2016,18151.251729126336
596,Georgia,13245,Richmond,Central,`0016 2015,29227.234515769545
597,Georgia,13247,Rockdale,North Central,`0012 2019,2831.6816253507486
598,Georgia,13247,Rockdale,North Central,`0013 2018,5841.937704863486
599,Georgia,13247,Rockdale,North Central,`0015 2016,1972.0249389934702
600,Georgia,13247,Rockdale,North Central,`0016 2015,6126.689280682825
601,Georgia,13249,Schley,Central,`0012 2019,18151.251729126336
602,Georgia,13249,Schley,Central,`0013 2018,23820.892627079033
603,Georgia,13249,Schley,Central,`0014 2017,16556.53343864594
604,Georgia,13249,Schley,Central,`0015 2016,31181.900355005087
605,Georgia,13249,Schley,Central,`0016 2015,23343.966882209217
606,Georgia,13251,Screven,Southeast,`0012 2019,59317.32266956841
607,Georgia,13251,Screven,Southeast,`0013 2018,69037.10451271532
608,Georgia,13251,Screven,Southeast,`0014 2017,59351.23297795026
609,Georgia,13251,Screven,Southeast,`0015 2016,66241.12702097371
610,Georgia,13251,Screven,Southeast,`0016 2015,65901.79290648675
611,Georgia,13253,Seminole,Southwest,`0012 2019,17826.042571957303
612,Georgia,13253,Seminole,Southwest,`0013 2018,1433.6343431622558
613,Georgia,13253,Seminole,Southwest,`0014 2017,6067.495158956273
614,Georgia,13253,Seminole,Southwest,`0015 2016,18423.44682520237
615,Georgia,13255,Spalding,North Central,`0012 2019,11505.300955564982
616,Georgia,13255,Spalding,North Central,`0013 2018,16068.7234749838
617,Georgia,13255,Spalding,North Central,`0014 2017,29491.440622020382
618,Georgia,13255,Spalding,North Central,`0015 2016,12348.398067450531
619,Georgia,13255,Spalding,North Central,`0016 2015,13243.466561682357
620,Georgia,13257,Stephens,North,`0012 2019,10101.999897509597
621,Georgia,13257,Stephens,North,`0013 2018,11301.148074595827
622,Georgia,13257,Stephens,North,`0014 2017,21870.03213772623
623,Georgia,13257,Stephens,North,`0015 2016,25097.329728691548
624,Georgia,13257,Stephens,North,`0016 2015,15340.559465918172
625,Georgia,13259,Stewart,Central,`0012 2019,47331.21033188784
626,Georgia,13259,Stewart,Central,`0013 2018,51560.446184478446
627,Georgia,13259,Stewart,Central,`0014 2017,56848.670851065224
628,Georgia,13259,Stewart,Central,`0015 2016,35897.68976321816
629,Georgia,13259,Stewart,Central,`0016 2015,40525.91759530952
630,Georgia,13261,Sumter,Central,`0012 2019,33719.14445763838
631,Georgia,13261,Sumter,Central,`0013 2018,32150.305427999057
632,Georgia,13261,Sumter,Central,`0014 2017,54253.24373162174
633,Georgia,13261,Sumter,Central,`0015 2016,45829.12955729837
634,Georgia,13261,Sumter,Central,`0016 2015,24292.27074786091
635,Georgia,13263,Talbot,Central,`0012 2019,39122.59225739275
636,Georgia,13263,Talbot,Central,`0013 2018,29405.093597341052
637,Georgia,13263,Talbot,Central,`0014 2017,41733.68148377045
638,Georgia,13263,Talbot,Central,`0015 2016,51720.70045402864
639,Georgia,13263,Talbot,Central,`0016 2015,46829.27596867559
640,Georgia,13265,Taliaferro,Central,`0012 2019,18151.251729126336
641,Georgia,13265,Taliaferro,Central,`0013 2018,22302.278978832226
642,Georgia,13265,Taliaferro,Central,`0014 2017,18380.617826522306
643,Georgia,13265,Taliaferro,Central,`0015 2016,29179.958602761522
644,Georgia,13265,Taliaferro,Central,`0016 2015,34055.34608611092
645,Georgia,13267,Tattnall,Southeast,`0012 2019,45460.7040136309
646,Georgia,13267,Tattnall,Southeast,`0013 2018,31298.367415641485
647,Georgia,13267,Tattnall,Southeast,`0014 2017,29671.669148972713
648,Georgia,13267,Tattnall,Southeast,`0015 2016,30887.62498238954
649,Georgia,13267,Tattnall,Southeast,`0016 2015,47440.68930858986
650,Georgia,13269,Taylor,Central,`0012 2019,42409.75550624583
651,Georgia,13269,Taylor,Central,`0013 2018,48285.06182162747
652,Georgia,13269,Taylor,Central,`0014 2017,49970.02629247388
653,Georgia,13269,Taylor,Central,`0015 2016,47483.60411049621
654,Georgia,13269,Taylor,Central,`0016 2015,48118.985836543514
655,Georgia,13271,Telfair,Southeast,`0012 2019,48762.899818026795
656,Georgia,13271,Telfair,Southeast,`0013 2018,39973.52073594219
657,Georgia,13271,Telfair,Southeast,`0014 2017,53719.44251337146
658,Georgia,13271,Telfair,Southeast,`0015 2016,41354.36822249506
659,Georgia,13271,Telfair,Southeast,`0016 2015,53108.10036437318
660,Georgia,13273,Terrell,Central,`0012 2019,24991.308318279094
661,Georgia,13273,Terrell,Central,`0013 2018,26412.088197730413
662,Georgia,13273,Terrell,Central,`0014 2017,25200.233577881187
663,Georgia,13273,Terrell,Central,`0015 2016,42948.68486074137
664,Georgia,13273,Terrell,Central,`0016 2015,36766.426003263565
665,Georgia,13275,Thomas,Southwest,`0012 2019,36983.21492007166
666,Georgia,13275,Thomas,Southwest,`0013 2018,41598.12474849343
667,Georgia,13275,Thomas,Southwest,`0014 2017,36625.932302071196
668,Georgia,13275,Thomas,Southwest,`0015 2016,43627.972406320856
669,Georgia,13275,Thomas,Southwest,`0016 2015,39839.659309393064
670,Georgia,13277,Tift,Southwest,`0012 2019,18533.927499369143
671,Georgia,13277,Tift,Southwest,`0013 2018,23988.527436329663
672,Georgia,13277,Tift,Southwest,`0014 2017,3185.5187889540716
673,Georgia,13277,Tift,Southwest,`0015 2016,18423.446825202373
674,Georgia,13277,Tift,Southwest,`0016 2015,13826.560805398121
675,Georgia,13279,Toombs,Southeast,`0012 2019,26649.013823961457
676,Georgia,13279,Toombs,Southeast,`0013 2018,22891.160359792375
677,Georgia,13279,Toombs,Southeast,`0014 2017,23532.230926471988
678,Georgia,13279,Toombs,Southeast,`0015 2016,40556.19807955318
679,Georgia,13279,Toombs,Southeast,`0016 2015,40085.02476499195
680,Georgia,13281,Towns,North,`0012 2019,20822.551342214556
681,Georgia,13281,Towns,North,`0013 2018,20224.85167057502
682,Georgia,13281,Towns,North,`0014 2017,18728.289558149947
683,Georgia,13281,Towns,North,`0015 2016,9451.610129736022
684,Georgia,13281,Towns,North,`0016 2015,6552.996619294756
685,Georgia,13283,Treutlen,Southeast,`0012 2019,20182.747155044115
686,Georgia,13283,Treutlen,Southeast,`0013 2018,22217.45764078916
687,Georgia,13283,Treutlen,Southeast,`0014 2017,29023.199705242267
688,Georgia,13283,Treutlen,Southeast,`0015 2016,15411.080807509796
689,Georgia,13283,Treutlen,Southeast,`0016 2015,18126.921216595292
690,Georgia,13285,Troup,North Central,`0012 2019,35701.949319234416
691,Georgia,13285,Troup,North Central,`0013 2018,43644.076230740546
692,Georgia,13285,Troup,North Central,`0014 2017,31656.48063242679
693,Georgia,13285,Troup,North Central,`0015 2016,41104.49668906753
694,Georgia,13285,Troup,North Central,`0016 2015,46735.50163890792
695,Georgia,13287,Turner,Southwest,`0012 2019,25980.86158670693
696,Georgia,13287,Turner,Southwest,`0013 2018,15279.218571557458
697,Georgia,13287,Turner,Southwest,`0014 2017,6234.548132908267
698,Georgia,13287,Turner,Southwest,`0015 2016,10874.52046091315
699,Georgia,13287,Turner,Southwest,`0016 2015,14583.197866774113
700,Georgia,13289,Twiggs,Central,`0012 2019,34375.62383324055
701,Georgia,13289,Twiggs,Central,`0013 2018,47114.54913926234
702,Georgia,13289,Twiggs,Central,`0014 2017,34429.791945706245
703,Georgia,13289,Twiggs,Central,`0015 2016,40108.332731032766
704,Georgia,13289,Twiggs,Central,`0016 2015,39137.32390722902
705,Georgia,13291,Union,North,`0012 2019,41797.0709749841
706,Georgia,13291,Union,North,`0013 2018,24653.457597023993
707,Georgia,13291,Union,North,`0014 2017,27989.649717067816
708,Georgia,13291,Union,North,`0015 2016,24371.70107906986
709,Georgia,13291,Union,North,`0016 2015,17556.986091916657
710,Georgia,13293,Upson,Central,`0012 2019,24289.496269267835
711,Georgia,13293,Upson,Central,`0013 2018,29179.958602761526
712,Georgia,13293,Upson,Central,`0014 2017,36080.442954788414
713,Georgia,13293,Upson,Central,`0015 2016,34703.08451272183
714,Georgia,13293,Upson,Central,`0016 2015,23582.429754644123
715,Georgia,13295,Walker,North,`0012 2019,42681.315586659075
716,Georgia,13295,Walker,North,`0013 2018,13445.690980522691
717,Georgia,13295,Walker,North,`0014 2017,30849.367958625655
718,Georgia,13295,Walker,North,`0015 2016,36206.29221840775
719,Georgia,13295,Walker,North,`0016 2015,33940.518432676196
720,Georgia,13297,Walton,North Central,`0012 2019,34326.64372334196
721,Georgia,13297,Walton,North Central,`0013 2018,7361.881244182489
722,Georgia,13297,Walton,North Central,`0014 2017,34446.964653563446
723,Georgia,13297,Walton,North Central,`0015 2016,24438.438581002476
724,Georgia,13297,Walton,North Central,`0016 2015,23367.75081945395
725,Georgia,13299,Ware,Southeast,`0012 2019,92325.3256809817
726,Georgia,13299,Ware,Southeast,`0013 2018,108673.44809486766
727,Georgia,13299,Ware,Southeast,`0014 2017,77693.88059254778
728,Georgia,13299,Ware,Southeast,`0015 2016,91849.22016178734
729,Georgia,13299,Ware,Southeast,`0016 2015,107731.75499123221
730,Georgia,13301,Warren,Central,`0012 2019,35492.87606818364
731,Georgia,13301,Warren,Central,`0013 2018,28477.93699557807
732,Georgia,13301,Warren,Central,`0014 2017,27129.46569820724
733,Georgia,13301,Warren,Central,`0015 2016,39297.873895570665
734,Georgia,13301,Warren,Central,`0016 2015,34087.89525048586
735,Georgia,13303,Washington,Central,`0012 2019,70309.66189925253
736,Georgia,13303,Washington,Central,`0013 2018,74944.89481277345
737,Georgia,13303,Washington,Central,`0014 2017,61219.431881605604
738,Georgia,13303,Washington,Central,`0015 2016,49418.1117985609
739,Georgia,13303,Washington,Central,`0016 2015,52039.8299717509
740,Georgia,13305,Wayne,Southeast,`0012 2019,68446.34738620797
741,Georgia,13305,Wayne,Southeast,`0013 2018,69172.98411716022
742,Georgia,13305,Wayne,Southeast,`0014 2017,82791.71004286093
743,Georgia,13305,Wayne,Southeast,`0015 2016,61860.48353942133
744,Georgia,13305,Wayne,Southeast,`0016 2015,67118.07854451277
745,Georgia,13307,Webster,Central,`0012 2019,12294.283628274636
746,Georgia,13307,Webster,Central,`0013 2018,11910.44631353951
747,Georgia,13307,Webster,Central,`0014 2017,11910.44631353951
748,Georgia,13307,Webster,Central,`0015 2016,29418.006420762118
749,Georgia,13307,Webster,Central,`0016 2015,19411.631392853764
750,Georgia,13309,Wheeler,Southeast,`0012 2019,38372.715967737335
751,Georgia,13309,Wheeler,Southeast,`0013 2018,29659.919590906222
752,Georgia,13309,Wheeler,Southeast,`0014 2017,22451.07137357268
753,Georgia,13309,Wheeler,Southeast,`0015 2016,21767.399778931693
754,Georgia,13309,Wheeler,Southeast,`0016 2015,34980.402661862674
755,Georgia,13311,White,North,`0012 2019,24153.985027117797
756,Georgia,13311,White,North,`0013 2018,23282.040979859205
757,Georgia,13311,White,North,`0014 2017,35067.756507571066
758,Georgia,13311,White,North,`0015 2016,24538.773098211597
759,Georgia,13311,White,North,`0016 2015,20460.761451254948
760,Georgia,13313,Whitfield,North,`0012 2019,13139.470349888219
761,Georgia,13313,Whitfield,North,`0013 2018,22937.062757642547
762,Georgia,13313,Whitfield,North,`0014 2017,14491.309968391746
763,Georgia,13313,Whitfield,North,`0015 2016,17668.42542623728
764,Georgia,13313,Whitfield,North,`0016 2015,17888.432218746486
765,Georgia,13315,Wilcox,Southwest,`0012 2019,30447.95646894814
766,Georgia,13315,Wilcox,Southwest,`0013 2018,29714.14519174616
767,Georgia,13315,Wilcox,Southwest,`0014 2017,32798.85760571597
768,Georgia,13315,Wilcox,Southwest,`0015 2016,51074.737686286564
769,Georgia,13315,Wilcox,Southwest,`0016 2015,38870.49257761154
770,Georgia,13317,Wilkes,Central,`0012 2019,53167.202052440145
771,Georgia,13317,Wilkes,Central,`0013 2018,49457.00815506463
772,Georgia,13317,Wilkes,Central,`0014 2017,40066.489796385664
773,Georgia,13317,Wilkes,Central,`0015 2016,47808.136076757655
774,Georgia,13317,Wilkes,Central,`0016 2015,46926.39663685332
775,Georgia,13319,Wilkinson,Central,`0012 2019,48082.850190311554
776,Georgia,13319,Wilkinson,Central,`0013 2018,48212.94977179217
777,Georgia,13319,Wilkinson,Central,`0014 2017,58133.56269195705
778,Georgia,13319,Wilkinson,Central,`0015 2016,60123.39608533167
779,Georgia,13319,Wilkinson,Central,`0016 2015,50235.1695181155
780,Georgia,13321,Worth,Southwest,`0012 2019,18325.271154595604
781,Georgia,13321,Worth,Southwest,`0013 2018,30668.917817281705
782,Georgia,13321,Worth,Southwest,`0014 2017,42254.455066606875
783,Georgia,13321,Worth,Southwest,`0015 2016,27889.564417610796
784,Georgia,13321,Worth,Southwest,`0016 2015,44107.42542934524
